{
  "n": 48,
  "json_valid_rate": 1.0,
  "has_schedule_acc": 0.8958333333333334,
  "title_f1_avg": 0.8342261904761905,
  "time_match_rate": 0.8541666666666666,
  "location_f1_avg": 0.7895114942528735,
  "event_count_acc": 0.8958333333333334,
  "final_score": 0.9026305076628351,
  "detection": {
    "n_pos": 27,
    "n_neg": 21,
    "recall_pos": 0.9629629629629629,
    "specificity_neg": 0.8095238095238095,
    "overfire_count": 4,
    "missed_count": 1
  },
  "extraction_on_true_positives": {
    "n": 26,
    "title_avg": 0.8862637362637363,
    "time_acc": 0.9230769230769231,
    "loc_avg": 0.8037135278514588
  }
}