{
  "n": 43,
  "json_valid_rate": 1.0,
  "has_schedule_acc": 0.7906976744186046,
  "title_f1_avg": 0.7425635478637101,
  "time_match_rate": 0.6976744186046512,
  "location_f1_avg": 0.6022453889334402,
  "event_count_acc": 0.7906976744186046,
  "final_score": 0.8150339108433884,
  "detection": {
    "n_pos": 22,
    "n_neg": 21,
    "recall_pos": 0.9545454545454546,
    "specificity_neg": 0.6190476190476191,
    "overfire_count": 8,
    "missed_count": 1
  },
  "extraction_on_true_positives": {
    "n": 21,
    "title_avg": 0.9014396456256922,
    "time_acc": 0.8095238095238095,
    "loc_avg": 0.6141215106732348
  }
}