{
  "n": 20,
  "json_valid_rate": 1.0,
  "has_schedule_acc": 0.7,
  "title_f1_avg": 0.6452380952380953,
  "time_match_rate": 0.5,
  "location_f1_avg": 0.3448275862068965,
  "event_count_acc": 0.7,
  "final_score": 0.7188409961685823
}