{
  "n": 54,
  "json_valid_rate": 1.0,
  "schedule_status_acc": 0.7407407407407407,
  "title_f1_avg": 0.8075864432387596,
  "time_match_rate": 0.7777777777777778,
  "location_f1_avg": 0.6832694763729246,
  "event_count_acc": 0.8333333333333334,
  "final_score": 0.8331924498806224,
  "detection": {
    "n_pos": 29,
    "n_neg": 25,
    "recall_pos": 0.896551724137931,
    "specificity_neg": 0.76,
    "overfire_count": 6,
    "missed_count": 3,
    "class_acc": 0.8076923076923077
  },
  "extraction_on_true_positives": {
    "n": 26,
    "title_avg": 0.9465256898035774,
    "time_acc": 0.8846153846153846,
    "loc_avg": 0.6883289124668435
  }
}